CustomerID,Name,Email,Address
40,William Ho,bday@example.com,"361 Jessica Hills Suite 086, Phambury, MP 76731"
37,Kimberly Robinson,greenjasmine@example.net,"182 Steven Valleys Apt. 652, Theresaside, ID 27822"
99,Kristina Mcmillan,olivia90@example.net,"0842 Samantha Lights, Lake Latoyachester, NV 99023"
94,Jennifer Gomez,farrellangela@example.com,"8268 Robin Harbor, Michaelhaven, PR 28731"
16,Andre Wright,cbarnes@example.net,"4216 Dylan Ferry Suite 124, Lake Joyport, MA 88881"
24,Anthony Davis,johnsoneric@example.org,"997 Matthew Alley Apt. 726, Richardsonton, VA 05814"
55,Cody Wilson,spencermartin@example.org,"2988 Caitlin Highway, East Kaitlinland, NY 25841"
6,Justin Lowe,qwilson@example.org,"494 Danielle Causeway, Lake Benjamin, NV 21217"
14,Devin Smith,georgeholmes@example.com,"95367 Sara Loaf, New Xaviertown, IN 55027"
46,Brooke Choi DDS,gonzalezlarry@example.org,"96168 Benson Garden, New Brittany, KS 01715"
59,Christopher Wilson,tmartinez@example.net,"2498 Hampton Stream, West Kathryn, OK 81989"
34,Megan Nolan,eburnett@example.net,"482 Harris Mission, Adamsland, UT 89317"
80,Casey Jarvis,heathermontgomery@example.com,"550 Brett Circle Apt. 361, Tinaville, VT 83158"
100,Corey Romero,glennstewart@example.com,"Unit 0088 Box 0761, DPO AA 44190"
18,Alisha Phillips,lrobinson@example.org,"711 Smith Drives, Port David, PW 40381"
11,Andrew Williams,robinsonjulian@example.org,"431 Thomas Orchard, South Aliciaside, ME 26651"
60,Karina Palmer,fjohnson@example.com,"PSC 1974, Box 1079, APO AP 86830"
44,Elizabeth Taylor,ijones@example.org,"721 Reyes Expressway Suite 720, South Elizabethmouth, NM 27461"
89,Michael Valdez,tina74@example.org,"042 Farmer Oval Apt. 959, North Melanieshire, PA 79880"
2,Debra Newman DVM,brownashley@example.net,"72713 Nelson Lodge Suite 286, Leonfort, NJ 49406"
43,Jose Jackson,billyrubio@example.org,"USNS Shaw, FPO AE 43032"
81,Mark Munoz,mendezjames@example.net,"3266 Kelly Radial Apt. 154, Harperborough, MI 15762"
15,Sarah Roberts,donaldsonallen@example.com,"23411 Parrish Street, New Roy, AK 82363"
45,Christine Harris,williamselizabeth@example.net,"36508 Meghan Heights, Port Christopher, AR 34926"
49,Austin Marshall,jasminegeorge@example.com,"2536 Gilbert Prairie, East Sharonburgh, OH 16990"
35,Clifford Montgomery,jhale@example.org,"516 Cody Street, Victoriaborough, ME 01332"
86,Craig Peters,briangomez@example.org,"2373 Miles Lodge, West Veronicaland, MH 62781"
5,Jeffrey Underwood,daniel48@example.org,"11764 Hannah Plaza, Lake Vickichester, AR 85240"
58,Candice Campbell,emily41@example.org,"071 Thomas Branch Suite 866, Alexanderberg, SC 88650"
52,Rhonda Harper,serranoangela@example.net,"4776 Leon Stream, Baileyfort, SD 08609"
12,Robin Odom,deborah35@example.com,"75190 John Ferry Apt. 305, North Renee, FL 93070"
1,Mrs. Crystal Carroll,kaiserjacob@example.org,"7566 Kelly Shoals Apt. 207, Port Joanne, FM 25401"
57,Debra Gregory,tiffany57@example.com,"447 Daniel Glens, Kentmouth, PA 58193"
72,Dominique Frye,williamayala@example.net,"00659 Christopher Square, South Maryside, NH 16004"
75,Nicholas Morales,igreene@example.net,"237 Mathews Roads, Carlosview, OR 88347"
82,Amanda Torres,gonzalesjennifer@example.org,"PSC 8803, Box 5671, APO AA 79654"
62,Gloria Stephens,aburnett@example.org,"839 Gates Forges, East Catherineville, MS 93946"
63,Tony Jenkins DDS,robert49@example.com,"84912 Christine Harbor, East Blakeshire, MD 92138"
38,Reginald Chambers,franklinwright@example.com,"581 William Mountain Suite 849, Oconnellshire, DE 10245"
78,Mrs. Kelly Mcdonald,gregorycunningham@example.net,"51886 Travis Mall, Tammystad, IA 05860"
13,Gina Anderson,michelle40@example.com,"52815 Tristan Oval Suite 453, Mataburgh, NC 59623"
97,Joel Jensen,cconley@example.com,"06255 Ellis Inlet, Morrisfort, RI 47036"
28,Vanessa Anderson,dylan52@example.com,"262 Jim Via Apt. 425, Woodsburgh, GA 44103"
70,Sophia West,fcollins@example.org,"229 Albert Track Suite 304, Frostville, AZ 12040"
41,Erin Barrett,charlesbrown@example.com,"Unit 3051 Box 5992, DPO AE 08497"
21,Anna Williams,ojenkins@example.com,"211 Anderson Village Suite 882, Jeffreyfort, NM 04226"
47,Stephanie Carrillo,sarah68@example.org,"219 Mark Cape Suite 946, Turnerchester, MI 97783"
64,Douglas Calderon,tammy27@example.com,"88020 John Neck, Sheltonshire, SC 93012"
22,Evelyn Burton,ygardner@example.org,"Unit 0648 Box 5054, DPO AA 84716"
61,Patrick Rodriguez,stephenbrooks@example.net,"56199 Samuel Fort Suite 595, Annaside, AR 24646"
76,Megan Santiago,brownmarie@example.com,"25610 Riley Summit, East Larryberg, OR 16962"
31,Mindy Soto,simpsondavid@example.net,"89977 Johnston Knolls, North Hollymouth, WA 33486"
4,Karla Hill,jnelson@example.org,"9899 Hubbard Station, Lake Vanessa, CT 97851"
36,Leah Butler,vross@example.net,"37260 Shaw Underpass Suite 441, Sextonside, VA 95159"
33,Robert Lopez,xgriffin@example.org,"Unit 4031 Box 7876, DPO AP 68909"
20,Luis Jones,gabrielatkins@example.net,"9920 Castillo Centers Apt. 799, North Rachel, IA 59143"
32,Richard Williams,tayloralicia@example.org,"88202 Nicholas Highway Apt. 242, Buckleyland, UT 72721"
87,Jason Rice,fbrewer@example.net,"547 Moore Park Suite 331, New Vickiburgh, MS 47056"
53,Stacey Butler,charlescrane@example.org,"Unit 3303 Box 5006, DPO AA 08239"
85,Tyler Wilson,thomasjohn@example.org,"265 Yates Pike, Tammyton, WA 87644"
68,Amy Horton,kim95@example.com,"91447 Thomas Spur, Woodborough, VI 78538"
30,Jessica Jones,rsilva@example.com,"176 Estrada Trace, Tranborough, FL 35688"
93,Suzanne Oliver,qphillips@example.net,"6439 Jack Valley, Jonathonstad, MS 86068"
84,Jonathan Hodge,fjackson@example.org,"5170 Oconnell Expressway, Jenniferview, SC 18497"
90,Katherine Mccarthy,tanya69@example.net,"1803 Ronnie Club Apt. 665, Lukebury, TN 72093"
73,Linda Boyd,brendafisher@example.net,"634 Thomas Lights, Gonzalezland, IL 49739"
50,Dana Miller,lisa65@example.org,"14136 Roberts Parkways, West David, NE 39011"
29,Dennis Davis,victoriahendricks@example.net,"76360 Fitzgerald Ville, East Randyport, AK 14950"
48,Steven Murphy,lindseyjohnson@example.com,"43248 Mary Pine Apt. 545, Jenkinsstad, MS 60965"
54,Laura Henderson DDS,dennisbanks@example.net,"6635 Kramer Court Suite 242, East Mary, MH 53577"
56,April Thompson,campbellsandra@example.net,"84152 Smith Track, Chelseastad, HI 83035"
66,Sara Ford,michaelgarcia@example.net,"84215 Sanford Knolls, South Timothychester, MD 40922"
42,Michael Hodges,duranjared@example.com,"019 Jonathan Center Apt. 043, Simpsontown, HI 90021"
79,Jordan Walker,mark08@example.org,"1725 Brown Plaza Suite 273, West Dylan, MD 55576"
96,Craig Jones,egonzalez@example.com,"USCGC Bates, FPO AE 67461"
39,John Cook,mdavis@example.org,"63674 Mark Heights, East Madeline, GA 84575"
65,Jerry Berger,vschultz@example.org,"57783 Ward Pine Suite 652, Ryanside, ID 05465"
77,Catherine Gonzalez,bennettjeffrey@example.org,"5445 Brian Groves, New Sandra, OK 05836"
3,Thomas Mason,frankmark@example.com,"3024 Riley Ferry Suite 573, Chadberg, MT 40822"
17,Karen Roberts,wkim@example.com,"754 Hunt Trafficway, Port Laura, NH 04226"
23,Donald Jacobs,hbarnes@example.com,"19256 Timothy Viaduct Suite 741, South Jamie, ND 28326"
26,Michelle Wood,michaelgraham@example.com,"0574 Johnson Ford Apt. 404, Hayesside, NC 59305"
19,Brandon Armstrong,thomas43@example.org,"2519 Greene Estates Apt. 314, Guzmantown, TN 27261"
7,Jason Daniels,elliottsonia@example.net,"37283 Ramsey Light Suite 640, New Howard, IA 48396"
67,Anthony Howard,paige40@example.org,"9322 Michelle Parks, Grimesville, FL 14436"
98,Jeremy Brown,butlerruben@example.com,"9818 Linda Ports Apt. 119, Loribury, ND 61753"
8,Jennifer Hill,petersenrebecca@example.org,"02411 Ruiz Corners Apt. 346, Oconnorberg, SD 93666"
27,Kristen Romero,jimenezmatthew@example.net,"87499 Douglas Parkway, West Frankbury, ID 88000"
92,Katherine Scott,melissa05@example.com,"7585 Scott Knoll Suite 763, Petermouth, MP 91664"
25,Molly Bridges,qadams@example.com,"48605 Amy Inlet Suite 873, Emilyport, WA 55702"
9,Stephanie Richardson,obates@example.net,"974 Alyssa Heights, Farrellfurt, OH 22597"
51,Tyler Knight,janice04@example.net,"158 Burke Stravenue Apt. 595, Lake Gabriel, ND 09503"
69,Mrs. Cassandra Ford,shafferstephanie@example.com,"5761 Meghan Field Suite 233, Christopherborough, MS 07878"
71,Nathan Long,nathanwest@example.net,"PSC 3215, Box 6167, APO AA 51676"
83,Charles Smith,emilynolan@example.com,"21234 Jennifer Road Apt. 546, East Amandamouth, SC 41966"
74,Edward Lee,mossbeverly@example.org,"18713 Andersen Burgs Apt. 579, North Pamelafurt, MP 99838"
91,Rachel Lewis,james42@example.org,"Unit 4178 Box 7418, DPO AA 88242"
10,Jo Zimmerman,samuel23@example.net,"25747 Clark Harbor, New Emilyport, RI 59995"
95,Elijah Delacruz,ovelazquez@example.net,"1848 Sean Glen Apt. 166, West Adamfurt, NM 95715"
88,Cody Beasley,gutierrezelizabeth@example.com,"USS Arroyo, FPO AE 71872"
